TAZ_ID,TAZ_type_Level1,TAZ_type_Level2,taz_lon,taz_lat,POI_ID,sub_type,mid_type,big_type,WGS84_lon,WGS84_lat
17283,1,101,116.43576,39.8565,155271,科教文化场所,科教文化场所,科教文化服务,116.4381678,39.85598716
18855,1,101,116.44516,39.89855,149670,科教文化场所,科教文化场所,科教文化服务,116.445085,39.89793248
19054,1,101,116.48834,39.89579,238926,区县级政府及事业单位,政府机关,政府机构及社会团体,116.4893503,39.89450334
19113,2,201,116.40942,39.91678,144016,科研机构,科研机构,科教文化服务,116.4091676,39.9169962
17325,1,101,116.41123,39.86233,173336,商务写字楼,楼宇,商务住宅,116.4102656,39.86096851
15432,1,101,116.27078,39.78089,114210,超市,超级市场,购物服务,116.2729475,39.78131703
15626,1,101,116.34774,39.78329,175617,住宅小区,住宅区,商务住宅,116.3518177,39.79126952
17557,1,101,116.32414,39.88754,218299,医疗保健服务场所,医疗保健服务场所,医疗保健服务,116.324718,39.88741104
18851,1,101,116.46391,39.89839,88675,公司,公司,公司企业,116.4660455,39.89881454
19147,2,201,116.46982,39.90623,84285,公司企业,公司企业,公司企业,116.4686848,39.90596234
16296,1,101,116.3508,39.82463,32669,快餐厅,快餐厅,餐饮服务,116.3478283,39.82447543
20470,1,101,116.30835,39.97858,3852,外国餐厅,外国餐厅,餐饮服务,116.3077927,39.97959239
20297,1,101,116.32568,39.96723,52931,公司,公司,公司企业,116.3236244,39.96740379
21281,5,502,116.32052,40.00192,222361,社会团体相关,社会团体,政府机构及社会团体,116.3183488,39.99707771
16112,2,202,116.31584,39.82654,107118,公司,公司,公司企业,116.3169283,39.82814835
19531,2,201,116.433,39.92427,72007,公司企业,公司企业,公司企业,116.4342572,39.92477113
21911,5,505,116.48276,40.00122,111609,超市,超级市场,购物服务,116.4741983,40.00309572
17736,1,101,116.2634,39.90414,80115,公司,公司,公司企业,116.2593592,39.90368064
16777,4,403,116.33318,39.85236,99028,公司,公司,公司企业,116.3390432,39.85187599
16946,1,101,116.38485,39.84789,195251,洗衣店,洗衣店,生活服务,116.3843381,39.84398125
20571,1,101,116.43634,39.95568,180976,美容美发店,美容美发店,生活服务,116.4336999,39.95704293
19777,1,101,116.49235,39.91729,216401,医疗保健服务场所,医疗保健服务场所,医疗保健服务,116.4908109,39.91761268
19719,1,101,116.48104,39.91791,235126,政府及社会团体相关,政府及社会团体相关,政府机构及社会团体,116.4820392,39.91460186
17248,1,101,116.42935,39.85561,100470,公司,公司,公司企业,116.4300253,39.85530976
19851,1,101,116.27579,39.96383,36318,城市广场,公园广场,风景名胜,116.2774424,39.96333876
21111,5,502,116.34079,39.99524,222564,社会团体相关,社会团体,政府机构及社会团体,116.3455725,39.99223128
19732,1,101,116.4519,39.92625,73123,公司,公司,公司企业,116.4503682,39.92600067
19147,2,201,116.46982,39.90623,147437,图书馆,图书馆,科教文化服务,116.4703035,39.90595578
18454,2,201,116.35241,39.90803,120408,金融保险机构,金融保险服务机构,金融保险服务,116.3519935,39.90851315
20599,1,101,116.30888,39.9834,43387,公司,公司,公司企业,116.3081684,39.98341354
17480,1,101,116.41777,39.86609,192962,美容美发店,美容美发店,生活服务,116.4184389,39.86633681
18569,1,101,116.4523,39.89003,121837,金融保险机构,金融保险服务机构,金融保险服务,116.4524436,39.89174986
16530,1,101,116.26431,39.85276,29537,中餐厅,中餐厅,餐饮服务,116.2728556,39.84575535
20764,5,504,116.47613,39.9431,203698,体育休闲服务场所,体育休闲服务场所,体育休闲服务,116.4791268,39.93505955
17947,1,101,116.33765,39.89728,237744,妇联,社会团体,政府机构及社会团体,116.3384067,39.89792879
21022,1,101,116.49855,39.96312,201362,体育休闲服务场所,体育休闲服务场所,体育休闲服务,116.498649,39.96363222
20310,1,101,116.3079,39.96606,179235,美容美发店,美容美发店,生活服务,116.3018632,39.96468371
19732,1,101,116.4519,39.92625,142597,科教文化场所,科教文化场所,科教文化服务,116.4494475,39.92652559
17316,1,101,116.30665,39.88225,90440,公司,公司,公司企业,116.3054162,39.88123687
18012,1,101,116.33048,39.89882,86774,公司企业,公司企业,公司企业,116.3285308,39.89842622
17986,5,504,116.49077,39.86107,29247,中餐厅,中餐厅,餐饮服务,116.5015494,39.85425171
19408,1,101,116.50654,39.89897,147586,传媒机构,传媒机构,科教文化服务,116.4860508,39.90236219
16041,1,101,116.44809,39.79752,221561,医疗保健服务场所,医疗保健服务场所,医疗保健服务,116.4489,39.79874357
19307,2,201,116.46461,39.91129,77789,公司,公司,公司企业,116.4642418,39.91138821
19459,2,201,116.37802,39.93296,66875,建筑公司,公司,公司企业,116.3771482,39.93251966
18686,5,502,116.3706,39.91137,15850,特色/地方风味餐厅,中餐厅,餐饮服务,116.3707427,39.91106038
20103,1,101,116.52643,39.91916,79205,网络科技,公司,公司企业,116.5201957,39.91745994
18820,2,201,116.41019,39.90838,187439,美容美发店,美容美发店,生活服务,116.409523,39.9078188
18354,5,503,116.4537,39.8849,151801,科教文化场所,科教文化场所,科教文化服务,116.4541116,39.88404412
21198,2,201,116.39882,39.99234,158970,商务写字楼,楼宇,商务住宅,116.3982204,39.99300855
19510,1,101,116.50966,39.90821,20545,特色/地方风味餐厅,中餐厅,餐饮服务,116.511418,39.90864583
18788,2,201,116.40638,39.90802,81505,公司,公司,公司企业,116.4060224,39.90832599
19408,1,101,116.50654,39.89897,22933,特色/地方风味餐厅,中餐厅,餐饮服务,116.4924182,39.90004823
17553,4,402,116.28037,39.89146,90249,公司企业,公司企业,公司企业,116.287837,39.89049577
20525,2,201,116.42731,39.95375,162784,住宅小区,住宅区,商务住宅,116.4273494,39.9563624
19595,1,101,116.46627,39.91815,17167,特色/地方风味餐厅,中餐厅,餐饮服务,116.4647228,39.91624527
20781,1,101,116.38493,39.97342,50507,公司,公司,公司企业,116.3830316,39.97186711
18171,1,101,116.30766,39.90852,187089,美容美发店,美容美发店,生活服务,116.3065553,39.90820056
20182,1,101,116.36871,39.95275,227339,乡镇以下级政府及事业单位,政府机关,政府机构及社会团体,116.3680858,39.95221754
19107,5,502,116.3011,39.93655,139014,高等院校,学校,科教文化服务,116.3004555,39.93710328
19861,1,101,116.38367,39.93855,203101,运动场所,运动场馆,体育休闲服务,116.3844407,39.93295291
20700,2,201,116.4598,39.95523,181148,维修站点,维修站点,生活服务,116.4608108,39.95580554
20463,1,101,116.33085,39.9694,130560,高等院校,学校,科教文化服务,116.3312503,39.97230802
20117,2,201,116.31893,39.96398,52826,公司,公司,公司企业,116.31882,39.96323719
21206,2,202,116.4006,39.99215,159016,商务写字楼,楼宇,商务住宅,116.4006873,39.99154895
20801,5,503,116.28762,39.99392,125323,科研机构,科研机构,科教文化服务,116.2865501,39.99399837
17752,5,505,116.21892,39.91179,235440,社会团体相关,社会团体,政府机构及社会团体,116.2168484,39.91028818
20631,1,101,116.33053,39.97898,4121,中餐厅,中餐厅,餐饮服务,116.3302978,39.97719363
18130,1,101,116.29261,39.90909,205806,网吧,娱乐场所,体育休闲服务,116.2946807,39.90692731
19132,1,101,116.27031,39.94232,181400,美容美发店,美容美发店,生活服务,116.271626,39.9412811
18966,2,201,116.42296,39.9086,81906,公司,公司,公司企业,116.4243704,39.90803345
17118,1,101,116.31751,39.87183,96170,公司,公司,公司企业,116.3170328,39.87025766
19435,2,201,116.43305,39.92198,72297,公司企业,公司企业,公司企业,116.4335931,39.92221814
20819,5,502,116.34122,39.9802,115431,金融保险机构,金融保险服务机构,金融保险服务,116.3469049,39.97606069
17647,5,504,116.46116,39.862,97721,公司,公司,公司企业,116.4602398,39.86155426
16934,5,505,116.25478,39.87519,93512,建筑公司,公司,公司企业,116.2561786,39.8712159
15464,1,101,116.33515,39.78205,35007,中餐厅,中餐厅,餐饮服务,116.3364485,39.7832657
17600,1,101,116.42835,39.86821,97130,公司,公司,公司企业,116.4266663,39.86899727
19917,1,101,116.4522,39.92966,68511,公司企业,公司企业,公司企业,116.4519572,39.93128306
19348,1,101,116.25205,39.95085,61898,公司,公司,公司企业,116.2473037,39.95042024
17164,1,101,116.44561,39.84095,156853,培训机构,培训机构,科教文化服务,116.4464153,39.8366265
16572,1,101,116.29724,39.84959,220274,医疗保健用品,医药保健销售店,医疗保健服务,116.3011913,39.84694328
17552,1,101,116.33197,39.88511,23838,中餐厅,中餐厅,餐饮服务,116.3333696,39.88463671
16276,1,101,116.44317,39.8097,34206,中餐厅,中餐厅,餐饮服务,116.4491953,39.81103026
17178,5,504,116.29697,39.87348,153566,科教文化场所,科教文化场所,科教文化服务,116.3043917,39.87029528
19405,1,101,116.36042,39.93347,214367,综合医院,综合医院,医疗保健服务,116.3616406,39.93323714
21699,1,101,116.47483,39.99788,2024,中餐厅,中餐厅,餐饮服务,116.4763357,39.99761402
19954,4,403,116.25423,39.96236,36314,旅游景点,风景名胜相关,风景名胜,116.2418164,39.96616487
16728,2,201,116.27898,39.86553,95801,广告装饰,公司,公司企业,116.2777162,39.86569369
20805,2,201,116.40779,39.96993,50822,商业贸易,公司,公司企业,116.4082119,39.9712925
16777,4,403,116.33318,39.85236,98961,公司企业,公司企业,公司企业,116.3385632,39.85176986
17467,2,202,116.4688,39.85275,243967,验车场,交通车辆管理,政府机构及社会团体,116.4600307,39.85687199
18284,1,101,116.36498,39.90012,238077,政府及社会团体相关,政府及社会团体相关,政府机构及社会团体,116.3670619,39.89938889
15905,1,101,116.41892,39.79093,175835,住宅小区,住宅区,商务住宅,116.4227609,39.7893327
19454,2,201,116.44575,39.91929,76621,公司,公司,公司企业,116.445312,39.91840306
20780,5,502,116.30213,39.98812,223047,社会团体相关,社会团体,政府机构及社会团体,116.3050736,39.98689806
16984,1,101,116.37892,39.85692,219925,药房,医药保健销售店,医疗保健服务,116.37933,39.85611159
17321,5,501,116.31314,39.88231,239255,乡镇级政府及事业单位,政府机关,政府机构及社会团体,116.3138225,39.88272715
16897,1,101,116.27709,39.8704,95852,公司企业,公司企业,公司企业,116.2785547,39.86922048
15502,2,202,116.32016,39.78592,210898,运动场所,运动场馆,体育休闲服务,116.3202678,39.78716908
15905,1,101,116.41892,39.79093,34540,中餐厅,中餐厅,餐饮服务,116.4131555,39.79665981
19162,1,101,116.30661,39.93488,202823,篮球场馆,运动场馆,体育休闲服务,116.3052527,39.93521881
21173,5,504,116.38928,39.99094,1370,海鲜酒楼,中餐厅,餐饮服务,116.3907337,39.99249717
17044,1,101,116.42338,39.85075,195523,美容美发店,美容美发店,生活服务,116.4225448,39.85053311
17332,1,101,116.34934,39.87578,171626,住宅小区,住宅区,商务住宅,116.3494286,39.87611376
19054,1,101,116.48834,39.89579,170226,商务住宅相关,商务住宅相关,商务住宅,116.4886207,39.89284024
19884,5,501,116.47668,39.92473,233322,乡镇以下级政府及事业单位,政府机关,政府机构及社会团体,116.4775805,39.92378755
19438,1,101,116.30958,39.94549,137546,科教文化场所,科教文化场所,科教文化服务,116.3101189,39.94551042
18753,5,502,116.41462,39.90431,236637,乡镇以下级政府及事业单位,政府机关,政府机构及社会团体,116.415989,39.9043697
20282,1,101,116.29856,39.97217,224185,行业协会,社会团体,政府机构及社会团体,116.3001169,39.97175249
20429,2,201,116.31529,39.9754,48591,公司,公司,公司企业,116.3136153,39.97520966
18478,1,101,116.41152,39.89686,113057,购物中心,商场,购物服务,116.4113761,39.89648347
20563,5,501,116.37119,39.96862,53709,网络科技,公司,公司企业,116.3723274,39.96963243
19240,2,201,116.4494,39.91265,76582,公司,公司,公司企业,116.4484844,39.91279605
20159,1,101,116.41471,39.9433,138378,科教文化场所,科教文化场所,科教文化服务,116.4141555,39.94658042
21018,1,101,116.49489,39.96304,55601,公司,公司,公司企业,116.4968825,39.96178303
21579,2,201,116.47633,39.99293,222939,消防机关,公检法机构,政府机构及社会团体,116.4771332,39.99348848
19469,1,101,116.29785,39.94644,62337,公司,公司,公司企业,116.2970754,39.94386881
20619,5,501,116.3978,39.9656,226160,红十字会,社会团体,政府机构及社会团体,116.3984079,39.96583267
16984,1,101,116.37892,39.85692,99356,公司,公司,公司企业,116.379195,39.85686265
21153,1,101,116.39866,39.98862,2872,特色/地方风味餐厅,中餐厅,餐饮服务,116.4000423,39.9899449
19650,1,101,116.45111,39.92385,142630,传媒机构,传媒机构,科教文化服务,116.4506734,39.92320847
20635,1,101,116.30826,39.98476,127496,科教文化场所,科教文化场所,科教文化服务,116.3074368,39.98475983
17045,5,504,116.403,39.85076,156092,高等院校,学校,科教文化服务,116.4045419,39.85079226
20883,5,503,116.35357,39.98289,4286,火锅店,中餐厅,餐饮服务,116.3493734,39.98041643
19163,1,101,116.31493,39.93433,164273,商务写字楼,楼宇,商务住宅,116.3157829,39.93158027
17011,1,101,116.48942,39.83048,105793,公司,公司,公司企业,116.4886378,39.83627034
20095,5,502,116.31012,39.95993,52685,公司,公司,公司企业,116.3145377,39.96374036
18975,1,101,116.45281,39.90415,147165,培训机构,培训机构,科教文化服务,116.452772,39.90422206
19171,5,501,116.44633,39.91103,76405,公司,公司,公司企业,116.4460298,39.91160585
17068,5,501,116.406,39.85402,154967,幼儿园,学校,科教文化服务,116.4066608,39.85383296
18529,1,101,116.41663,39.89694,238428,政府及社会团体相关,政府及社会团体相关,政府机构及社会团体,116.4176349,39.89753651
20965,5,502,116.34047,39.98949,126045,高等院校,学校,科教文化服务,116.3452583,39.99133385
17553,4,402,116.28037,39.89146,90250,公司,公司,公司企业,116.287837,39.89049577
19128,1,101,116.22543,39.95141,137144,科教文化场所,科教文化场所,科教文化服务,116.2238335,39.94970044
19995,5,501,116.45742,39.93321,140489,出版社,传媒机构,科教文化服务,116.4563553,39.93330036
18152,1,101,116.29736,39.90967,18342,四川菜(川菜),中餐厅,餐饮服务,116.2967093,39.91087178
16969,1,101,116.42486,39.84631,123515,金融保险机构,金融保险服务机构,金融保险服务,116.4251558,39.84476864
17163,1,101,116.21835,39.89145,170348,商务写字楼,楼宇,商务住宅,116.2253199,39.88849604
20390,2,201,116.30133,39.97632,47971,公司,公司,公司企业,116.3003257,39.9772059
21473,1,101,116.39986,40.00266,198767,娱乐场所,娱乐场所,体育休闲服务,116.4000797,40.0018534
20507,1,101,116.44038,39.95319,59629,公司,公司,公司企业,116.4397852,39.95499669
18316,1,101,116.41865,39.88852,91868,公司,公司,公司企业,116.4243691,39.8870094
19269,2,201,116.45348,39.91271,119769,金融保险机构,金融保险服务机构,金融保险服务,116.4543427,39.91294537
17791,1,101,116.3078,39.89766,20972,中餐厅,中餐厅,餐饮服务,116.3065825,39.89812695
18866,1,101,116.47412,39.8968,189763,洗衣店,洗衣店,生活服务,116.4726077,39.89755955
16572,1,101,116.29724,39.84959,98699,公司,公司,公司企业,116.2914155,39.85205729
18815,1,101,116.31742,39.92468,231902,行业协会,社会团体,政府机构及社会团体,116.3190112,39.9264313
19143,1,101,116.36915,39.92447,232364,行业协会,社会团体,政府机构及社会团体,116.3678736,39.92456889
17340,1,101,116.31661,39.88165,150885,科教文化场所,科教文化场所,科教文化服务,116.3155845,39.88287679
20856,5,502,116.44193,39.96719,55139,公司,公司,公司企业,116.4424953,39.9677024
21114,1,101,116.48073,39.97106,55540,公司,公司,公司企业,116.4823535,39.97010857
18921,1,101,116.43508,39.9045,236855,慈善机构,社会团体,政府机构及社会团体,116.4369089,39.90313758
20757,1,101,116.36151,39.97722,49984,网络科技,公司,公司企业,116.3611728,39.97699902
20422,1,101,116.44645,39.94813,10083,日本料理,外国餐厅,餐饮服务,116.4457746,39.94711187
18130,1,101,116.29261,39.90909,235773,省直辖市级政府及事业单位,政府机关,政府机构及社会团体,116.2953163,39.90800922
18706,2,202,116.35612,39.91441,74590,公司,公司,公司企业,116.3556481,39.91419733
20103,1,101,116.52643,39.91916,167916,产业园区,产业园区,商务住宅,116.5328893,39.91641244
21593,1,101,116.40923,40.00649,176312,美容美发店,美容美发店,生活服务,116.4097125,40.00721385
17254,1,101,116.35864,39.87107,26716,西北菜,中餐厅,餐饮服务,116.3584059,39.87047938
19435,2,201,116.43305,39.92198,232924,慈善机构,社会团体,政府机构及社会团体,116.4324076,39.92264722
20378,5,501,116.4072,39.95237,227585,政府机关相关,政府机关,政府机构及社会团体,116.4076515,39.95510185
15977,5,505,116.29569,39.82516,106830,公司,公司,公司企业,116.2950453,39.8243912
17355,1,101,116.42655,39.86109,28758,快餐厅,快餐厅,餐饮服务,116.4262997,39.86057823
19463,1,101,116.47759,39.9107,84589,公司,公司,公司企业,116.4758579,39.91050017
16894,1,101,116.46219,39.82858,196930,美容美发店,美容美发店,生活服务,116.4695947,39.82774301
20291,2,201,116.37144,39.95894,162621,商务住宅相关,商务住宅相关,商务住宅,116.3726924,39.95853552
20707,5,504,116.31671,39.98551,127694,杂志社,传媒机构,科教文化服务,116.3168766,39.985954
21314,1,101,116.42937,39.99016,46211,公司企业,公司企业,公司企业,116.4306626,39.98881488
21840,5,502,116.46608,40.00567,125150,培训机构,培训机构,科教文化服务,116.4661685,40.0056785
20913,1,101,116.48828,39.95919,61595,公司,公司,公司企业,116.4899897,39.95912458
18875,1,101,116.37392,39.91465,185533,维修站点,维修站点,生活服务,116.3735382,39.91324556
18264,1,101,116.23996,39.92271,203792,足球场,运动场馆,体育休闲服务,116.2407532,39.92428345
16943,1,101,116.43195,39.83911,103025,公司,公司,公司企业,116.4381014,39.84189586
19852,1,101,116.32161,39.9531,56932,商业贸易,公司,公司企业,116.3188323,39.9524946
18393,1,101,116.41136,39.89513,22149,快餐厅,快餐厅,餐饮服务,116.4116585,39.89542071
18128,5,501,116.51189,39.86665,209104,棋牌室,娱乐场所,体育休闲服务,116.5084053,39.86647915
19431,5,504,116.4492,39.91865,144271,科教文化场所,科教文化场所,科教文化服务,116.4479302,39.91844361
19162,1,101,116.30661,39.93488,65504,公司,公司,公司企业,116.3053236,39.93490269
20463,1,101,116.33085,39.9694,130665,成人教育,学校,科教文化服务,116.3315187,39.97216752
21281,5,502,116.32052,40.00192,40522,公司,公司,公司企业,116.3260726,39.99243106
18751,2,201,116.41079,39.90573,206093,健身中心,运动场馆,体育休闲服务,116.4101659,39.9052323
17116,2,201,116.43167,39.85078,209445,KTV,娱乐场所,体育休闲服务,116.4321209,39.85246013
21312,2,202,116.40309,39.996,111650,购物中心,商场,购物服务,116.4029625,39.9965743
19900,2,201,116.4265,39.93628,67244,公司,公司,公司企业,116.42626,39.93649571
18319,1,101,116.21379,39.92786,69253,公司,公司,公司企业,116.215005,39.92991856
19408,1,101,116.50654,39.89897,237191,政府及社会团体相关,政府及社会团体相关,政府机构及社会团体,116.5120891,39.90323298
16915,1,101,116.37282,39.8526,99202,公司,公司,公司企业,116.3730022,39.85522688
20440,1,101,116.30107,39.97882,48057,公司企业,公司企业,公司企业,116.3007377,39.97898211
19882,1,101,116.32725,39.95513,57169,网络科技,公司,公司企业,116.3276297,39.95515859
17736,1,101,116.2634,39.90414,79999,公司,公司,公司企业,116.2591283,39.90403176
20088,5,502,116.33562,39.95877,7678,中餐厅,中餐厅,餐饮服务,116.3389928,39.95836823
18364,5,503,116.37106,39.90158,168512,住宅小区,住宅区,商务住宅,116.3709626,39.90209754
16276,1,101,116.44317,39.8097,34042,中餐厅,中餐厅,餐饮服务,116.4375814,39.80877719
17350,1,101,116.4292,39.85917,155180,中学,学校,科教文化服务,116.4309134,39.86029482
18820,2,201,116.41019,39.90838,81571,电信公司,公司,公司企业,116.4099753,39.90896002
20079,1,101,116.44113,39.93735,165089,住宅小区,住宅区,商务住宅,116.4396799,39.93887213
19469,1,101,116.29785,39.94644,137338,培训机构,培训机构,科教文化服务,116.296222,39.94438522
20599,1,101,116.30888,39.9834,199517,游戏厅,娱乐场所,体育休闲服务,116.3085336,39.98333686
18125,5,501,116.36514,39.8926,121544,金融保险机构,金融保险服务机构,金融保险服务,116.3668975,39.89687419
18912,1,101,116.30906,39.92885,70163,公司,公司,公司企业,116.3048485,39.92830882
18186,1,101,116.51876,39.861,244084,乡镇以下级政府及事业单位,政府机关,政府机构及社会团体,116.5137132,39.8600967
20547,2,201,116.30085,39.98245,127556,科教文化场所,科教文化场所,科教文化服务,116.3007532,39.98248094
20808,1,101,116.39849,39.97083,131629,科教文化场所,科教文化场所,科教文化服务,116.4005318,39.97106476
19078,1,101,116.39895,39.91775,234373,政府机关相关,政府机关,政府机构及社会团体,116.3999734,39.91796178
20406,1,101,116.50207,39.92996,118618,金融保险机构,金融保险服务机构,金融保险服务,116.49639,39.92663296
17778,1,101,116.34878,39.88963,151136,科教文化场所,科教文化场所,科教文化服务,116.3479778,39.88872253
19989,1,101,116.3427,39.95244,137863,报社,传媒机构,科教文化服务,116.34264,39.95030104
19959,1,101,116.38354,39.94391,163597,商务写字楼,楼宇,商务住宅,116.3866052,39.94437645
20700,2,201,116.4598,39.95523,61203,公司,公司,公司企业,116.460323,39.95771723
19430,5,504,116.3128,39.94153,62652,公司,公司,公司企业,116.3173847,39.94412471
16705,2,202,116.39687,39.83947,104999,公司,公司,公司企业,116.396294,39.83748657
18861,1,101,116.32577,39.92612,36984,旅游景点,风景名胜相关,风景名胜,116.3269361,39.9255961
20458,1,101,116.41569,39.95687,58826,公司,公司,公司企业,116.4175874,39.95614605
17526,1,101,116.31779,39.88564,150876,科教文化场所,科教文化场所,科教文化服务,116.31784,39.88559834
19408,1,101,116.50654,39.89897,169114,商务写字楼,楼宇,商务住宅,116.5030471,39.90229875
18076,1,101,116.28264,39.91021,145811,培训机构,培训机构,科教文化服务,116.2788912,39.90967516
20434,5,502,116.30423,39.97826,160166,商务写字楼,楼宇,商务住宅,116.3041766,39.97808504
18972,1,101,116.47848,39.89493,218019,医疗保健服务场所,医疗保健服务场所,医疗保健服务,116.4803412,39.8963397
18319,1,101,116.21379,39.92786,165278,住宅小区,住宅区,商务住宅,116.2121195,39.92655164
21498,1,101,116.47778,39.98812,3263,四川菜(川菜),中餐厅,餐饮服务,116.4778063,39.98832063
17202,1,101,116.36421,39.86739,96517,公司企业,公司企业,公司企业,116.3605907,39.86714254
17749,4,402,116.31278,39.89196,37717,城市广场,公园广场,风景名胜,116.3149388,39.8916556
16621,1,101,116.2722,39.85582,98544,网络科技,公司,公司企业,116.2717586,39.85533493
20819,5,502,116.34122,39.9802,130751,学校,学校,科教文化服务,116.3443318,39.97903595
17000,1,101,116.41153,39.84785,102644,公司,公司,公司企业,116.4087117,39.84990122
20594,5,503,116.43084,39.95914,227956,社会团体相关,社会团体,政府机构及社会团体,116.4322205,39.95920347
20117,2,201,116.31893,39.96398,200837,跆拳道场馆,运动场馆,体育休闲服务,116.3171427,39.96432137
20819,5,502,116.34122,39.9802,44693,网络科技,公司,公司企业,116.3427205,39.98453853
20542,1,101,116.32036,39.97733,212126,口腔医院,专科医院,医疗保健服务,116.3197284,39.97538396
16388,1,101,116.4261,39.81649,157391,培训机构,培训机构,科教文化服务,116.424453,39.81778452
20458,1,101,116.41569,39.95687,136479,杂志社,传媒机构,科教文化服务,116.4143425,39.95624919
17197,1,101,116.32445,39.8748,25503,火锅店,中餐厅,餐饮服务,116.3273185,39.87561463
20677,1,101,116.44104,39.95904,59611,公司,公司,公司企业,116.4423621,39.9586775
19743,5,502,116.29411,39.95617,226826,慈善机构,社会团体,政府机构及社会团体,116.2972597,39.95503605
19855,5,505,116.529,39.91202,188260,美容美发店,美容美发店,生活服务,116.5333101,39.91119266
18478,1,101,116.41152,39.89686,217685,专科医院,专科医院,医疗保健服务,116.411295,39.89659741
19833,2,201,116.42598,39.93363,67310,公司,公司,公司企业,116.4263554,39.9348099
20525,2,201,116.42731,39.95375,116493,金融保险机构,金融保险服务机构,金融保险服务,116.4265352,39.95500935
19777,1,101,116.49235,39.91729,17459,中餐厅,中餐厅,餐饮服务,116.4910802,39.91562157
18069,1,101,116.35906,39.89645,238038,政府机关相关,政府机关,政府机构及社会团体,116.3601146,39.89703572
17314,1,101,116.21049,39.90131,235449,乡镇以下级政府及事业单位,政府机关,政府机构及社会团体,116.2097201,39.90204494
18414,1,101,116.41383,39.8939,87693,公司,公司,公司企业,116.4133423,39.89431398
20892,1,101,116.48188,39.95948,181196,美容美发店,美容美发店,生活服务,116.485057,39.95901196
20006,1,101,116.34679,39.94687,117485,金融保险机构,金融保险服务机构,金融保险服务,116.3466031,39.93963565
16516,2,201,116.32597,39.84895,29763,中餐厅,中餐厅,餐饮服务,116.326377,39.84892989
16478,1,101,116.31294,39.84926,244368,社会团体相关,社会团体,政府机构及社会团体,116.3138037,39.84935597
19403,1,101,116.29892,39.94616,163197,住宅小区,住宅区,商务住宅,116.2988537,39.9458787
19939,1,101,116.42377,39.93691,67356,冶金化工,公司,公司企业,116.4249329,39.93555002
19998,1,101,116.42921,39.93596,67641,公司,公司,公司企业,116.4298246,39.93702369
20907,2,202,116.33216,39.98792,211722,医疗保健服务场所,医疗保健服务场所,医疗保健服务,116.3333751,39.99089826
17778,1,101,116.34878,39.88963,91317,公司,公司,公司企业,116.3493829,39.88960018
18908,4,403,116.50615,39.88091,25014,快餐厅,快餐厅,餐饮服务,116.5089312,39.88290784
17306,1,101,116.23775,39.89185,237413,社会团体相关,社会团体,政府机构及社会团体,116.2333243,39.89380299
18171,1,101,116.30766,39.90852,146146,科研机构,科研机构,科教文化服务,116.3094262,39.90746528
19947,1,101,116.50357,39.91828,145028,职业技术学校,学校,科教文化服务,116.5077446,39.91714987
19461,2,201,116.34384,39.93991,214302,药房,医药保健销售店,医疗保健服务,116.343785,39.9389025
20282,1,101,116.29856,39.97217,178245,洗衣店,洗衣店,生活服务,116.2968394,39.9716881
20700,2,201,116.4598,39.95523,61234,公司,公司,公司企业,116.4605316,39.95789975
17640,1,101,116.33829,39.87885,90991,公司,公司,公司企业,116.3381546,39.88766073
19648,1,101,116.36981,39.93705,11245,四川菜(川菜),中餐厅,餐饮服务,116.3703602,39.93470679
16253,1,101,116.29516,39.83531,156485,展览馆,展览馆,科教文化服务,116.3063983,39.83138291
18454,2,201,116.35241,39.90803,120338,证券营业厅,证券公司,金融保险服务,116.3530276,39.90852554
21101,1,101,116.42791,39.97933,211905,药房,医药保健销售店,医疗保健服务,116.4316405,39.98198566
20828,5,502,116.30753,39.98845,127655,科研机构,科研机构,科教文化服务,116.3085229,39.98931963
20491,1,101,116.52999,39.9289,73893,公司,公司,公司企业,116.5331815,39.92971359
20805,2,201,116.40779,39.96993,54518,网络科技,公司,公司企业,116.4053124,39.96807928
21537,2,201,116.4065,40.00316,39842,公司,公司,公司企业,116.4093897,40.00351182
18054,1,101,116.40293,39.88731,91650,公司,公司,公司企业,116.4032075,39.88747189
20006,1,101,116.34679,39.94687,63363,公司,公司,公司企业,116.3496303,39.94622438
16253,1,101,116.29516,39.83531,104100,公司,公司,公司企业,116.2875898,39.8391929
21281,5,502,116.32052,40.00192,40569,商业贸易,公司,公司企业,116.3234634,39.99392601
19285,5,502,116.36879,39.92846,232397,乡镇以下级政府及事业单位,政府机关,政府机构及社会团体,116.3678222,39.92881277
18995,5,501,116.3743,39.91934,143779,小学,学校,科教文化服务,116.3750607,39.92050389
21438,1,101,116.40763,40.00059,176894,美容美发店,美容美发店,生活服务,116.4066852,39.99991956
17609,5,501,116.35009,39.88333,207647,KTV,娱乐场所,体育休闲服务,116.3524699,39.88275358
20448,1,101,116.37186,39.96372,5933,东北菜,中餐厅,餐饮服务,116.3733989,39.96421363
19837,5,504,116.4408,39.92896,204151,酒吧,娱乐场所,体育休闲服务,116.4381156,39.92809369
19215,5,501,116.53568,39.89355,89811,公司,公司,公司企业,116.5381862,39.89313668
17510,1,101,116.41232,39.86891,27043,韩国料理,外国餐厅,餐饮服务,116.4137941,39.86851158
19917,1,101,116.4522,39.92966,140524,培训机构,培训机构,科教文化服务,116.4519612,39.93128407
16082,2,201,116.27973,39.83376,31335,外国餐厅,外国餐厅,餐饮服务,116.2797324,39.83422204
19826,1,101,116.49465,39.92037,144917,高等院校,学校,科教文化服务,116.4952595,39.92012085
20700,2,201,116.4598,39.95523,181173,摄影冲印,摄影冲印店,生活服务,116.4610545,39.95688812
19708,5,502,116.34043,39.94604,228644,残联,社会团体,政府机构及社会团体,116.3389443,39.94745075
17747,1,101,116.39011,39.88085,192108,摄影冲印,摄影冲印店,生活服务,116.3896104,39.8796142
17509,5,501,116.40878,39.8689,172629,住宅小区,住宅区,商务住宅,116.4091147,39.86867241
17430,1,101,116.21179,39.90438,145311,培训机构,培训机构,科教文化服务,116.2144491,39.90537801
19077,1,101,116.40911,39.9159,167250,住宅区,住宅区,商务住宅,116.4094169,39.91602439
20372,1,101,116.37843,39.95676,200985,健身中心,运动场馆,体育休闲服务,116.3763203,39.9610352
20700,2,201,116.4598,39.95523,60793,公司,公司,公司企业,116.460323,39.95771723
18209,1,101,116.53484,39.85423,101095,公司企业,公司企业,公司企业,116.5291197,39.86005691
18851,1,101,116.46391,39.89839,88613,公司企业,公司企业,公司企业,116.4637177,39.8984134
19364,1,101,116.2656,39.95105,55945,公司,公司,公司企业,116.2650597,39.95207166
16534,1,101,116.24413,39.86427,192470,美容美发店,美容美发店,生活服务,116.2436324,39.86636324
16362,2,201,116.3615,39.83184,210148,娱乐场所,娱乐场所,体育休闲服务,116.3623554,39.8316123
16795,1,101,116.43863,39.83562,245349,行业协会,社会团体,政府机构及社会团体,116.4399134,39.83698951
15994,2,201,116.29863,39.8251,210380,健身中心,运动场馆,体育休闲服务,116.2974296,39.82504717
19054,1,101,116.48834,39.89579,89048,公司企业,公司企业,公司企业,116.4852223,39.89728797
19526,2,201,116.45165,39.92028,72731,公司,公司,公司企业,116.4469922,39.92123248
20300,1,101,116.50935,39.9318,142991,幼儿园,学校,科教文化服务,116.5080883,39.93028934
19347,1,101,116.43633,39.9177,75699,公司,公司,公司企业,116.4352462,39.91833606
20961,2,202,116.43006,39.97231,6528,中餐厅,中餐厅,餐饮服务,116.4310858,39.97076525
15456,2,201,116.31753,39.78435,198043,美容美发店,美容美发店,生活服务,116.3166662,39.78565013
20427,1,101,116.40699,39.95661,7986,综合酒楼,中餐厅,餐饮服务,116.408581,39.95696427
19118,5,504,116.46978,39.90482,188050,美容美发店,美容美发店,生活服务,116.4711607,39.90439122
21964,2,201,116.46272,40.01159,114458,中国银行,银行,金融保险服务,116.4617359,40.01074165
16458,1,101,116.43894,39.81915,33518,中餐厅,中餐厅,餐饮服务,116.435541,39.81421222
16824,5,505,116.29869,39.86092,96094,公司,公司,公司企业,116.300247,39.8651149
19630,1,101,116.32529,39.94494,228553,乡镇以下级政府及事业单位,政府机关,政府机构及社会团体,116.3223703,39.94388414
18681,1,101,116.37302,39.9103,81269,公司,公司,公司企业,116.370565,39.91054858
21330,5,505,116.29756,40.00625,35944,风景名胜,风景名胜,风景名胜,116.3047036,40.00089914
20042,2,202,116.51317,39.9234,73761,公司,公司,公司企业,116.5123294,39.92402179
17421,1,101,116.3331,39.8789,171567,宿舍,住宅区,商务住宅,116.3319545,39.87912564
17515,2,202,116.4535,39.85914,113691,购物中心,商场,购物服务,116.4543825,39.85947302
17718,1,101,116.51355,39.84457,103478,公司,公司,公司企业,116.507752,39.84925321
21092,1,101,116.37495,39.99089,223450,乡镇以下级政府及事业单位,政府机关,政府机构及社会团体,116.3744924,39.99051457
16572,1,101,116.29724,39.84959,98694,公司,公司,公司企业,116.294356,39.85305552
17196,1,101,116.26337,39.8852,90126,公司,公司,公司企业,116.2656818,39.88284211
20501,1,101,116.45254,39.94963,64589,公司,公司,公司企业,116.4531837,39.94850421
19810,1,101,116.40669,39.93502,139973,科教文化场所,科教文化场所,科教文化服务,116.405653,39.93355178
16505,1,101,116.32657,39.8391,104453,公司,公司,公司企业,116.3320232,39.83283814
20883,5,503,116.35357,39.98289,211756,医疗保健服务场所,医疗保健服务场所,医疗保健服务,116.3552133,39.98118527
19463,1,101,116.47759,39.9107,20170,江苏菜,中餐厅,餐饮服务,116.4724228,39.90812757
18264,1,101,116.23996,39.92271,12932,中餐厅,中餐厅,餐饮服务,116.2349137,39.92437923
20310,1,101,116.3079,39.96606,161280,产业园区,产业园区,商务住宅,116.3127848,39.96988044
15950,3,301,116.44353,39.79466,110273,广告装饰,公司,公司企业,116.4429091,39.79577827
17402,1,101,116.32482,39.87907,218921,专科医院,专科医院,医疗保健服务,116.3223868,39.87603907
17388,5,503,116.20687,39.90437,235345,政府及社会团体相关,政府及社会团体相关,政府机构及社会团体,116.2069574,39.90492246
17430,1,101,116.21179,39.90438,145313,科教文化场所,科教文化场所,科教文化服务,116.2129716,39.90535146
21242,5,502,116.46753,39.97916,225087,政府机关相关,政府机关,政府机构及社会团体,116.4662574,39.97742192
21169,1,101,116.35278,39.99713,126259,科研机构,科研机构,科教文化服务,116.3529207,39.99537917
18913,1,101,116.26526,39.93413,65225,公司,公司,公司企业,116.2643937,39.93970468
18716,1,101,116.31636,39.91594,15547,中餐厅,中餐厅,餐饮服务,116.3272669,39.912935
20355,5,501,116.30574,39.97319,212109,药房,医药保健销售店,医疗保健服务,116.311675,39.97280842
15720,5,505,116.36417,39.78337,110133,网络科技,公司,公司企业,116.3705188,39.79419155
21265,2,201,116.39582,39.99512,41502,培训机构|公司企业,培训机构,科教文化服务,116.3949127,39.99644337
20297,1,101,116.32568,39.96723,132879,出版社,传媒机构,科教文化服务,116.3235964,39.96759284
16993,1,101,116.47878,39.83667,105730,公司,公司,公司企业,116.4781182,39.83787037
20598,2,201,116.4565,39.95308,60316,公司企业,公司企业,公司企业,116.4560367,39.95443375
19240,2,201,116.4494,39.91265,76441,公司,公司,公司企业,116.4486219,39.91241136
16875,1,101,116.41933,39.84217,113834,超市,超级市场,购物服务,116.4217276,39.84235365
20436,1,101,116.36741,39.96346,53549,公司,公司,公司企业,116.3660978,39.96602127
17624,1,101,116.24189,39.90441,235583,乡镇以下级政府及事业单位,政府机关,政府机构及社会团体,116.239295,39.90419411
19337,2,201,116.42725,39.91796,119208,证券公司,证券公司,金融保险服务,116.4270555,39.92022944
21635,5,505,116.47157,39.99605,42693,公司,公司,公司企业,116.4713912,39.99512319
16269,5,501,116.31053,39.83635,104203,公司,公司,公司企业,116.3104098,39.83770808
21981,2,201,116.46544,40.01162,124323,科教文化场所,科教文化场所,科教文化服务,116.4652035,40.01127368
16542,5,505,116.427,39.82633,210433,KTV,娱乐场所,体育休闲服务,116.4237893,39.83050083
21037,1,101,116.37622,39.98795,199736,综合体育馆,运动场馆,体育休闲服务,116.3779604,39.98745483
20649,5,505,116.28913,39.98574,127237,培训机构,培训机构,科教文化服务,116.2864767,39.98236196
17932,1,101,116.31853,39.89979,237613,公安警察,公检法机构,政府机构及社会团体,116.3181055,39.90071614
21518,1,101,116.46645,39.99167,3168,快餐厅,快餐厅,餐饮服务,116.4664484,39.99056189
18870,1,101,116.21484,39.94391,137122,图书馆,图书馆,科教文化服务,116.2180593,39.94278799
20700,2,201,116.4598,39.95523,116770,金融保险机构,金融保险服务机构,金融保险服务,116.4610545,39.95688812
17528,5,505,116.37519,39.87341,38216,旅游景点,风景名胜相关,风景名胜,116.371462,39.87063654
20932,1,101,116.36804,39.9832,45001,公司,公司,公司企业,116.3639739,39.98102925
20320,5,505,116.49396,39.93557,183265,美容美发店,美容美发店,生活服务,116.4953749,39.93667152
16356,5,502,116.31045,39.84064,155782,高等院校,学校,科教文化服务,116.3096738,39.84205718
21648,1,101,116.45947,39.99726,199313,健身中心,运动场馆,体育休闲服务,116.4607064,39.99630265
19054,1,101,116.48834,39.89579,22971,快餐厅,快餐厅,餐饮服务,116.4920589,39.89942519
18139,3,301,116.53489,39.86299,98324,公司,公司,公司企业,116.5332368,39.86336477
21887,2,202,116.45994,40.00897,222166,政府及社会团体相关,政府及社会团体相关,政府机构及社会团体,116.4604319,40.00881941
19964,1,101,116.299,39.96167,201508,健身中心,运动场馆,体育休闲服务,116.297293,39.9598998
18732,5,505,116.22991,39.93517,65148,公司,公司,公司企业,116.2378024,39.93427159
16887,1,101,116.49834,39.82503,107798,公司,公司,公司企业,116.4976782,39.82657392
21167,2,201,116.41979,39.98484,115085,招商银行,银行,金融保险服务,116.4184105,39.98653463
17258,1,101,116.45543,39.84246,31943,特色/地方风味餐厅,中餐厅,餐饮服务,116.4554237,39.83543592
21960,1,101,116.4817,40.00661,125273,科教文化场所,科教文化场所,科教文化服务,116.4806654,40.00822306
19514,2,201,116.48701,39.91205,120012,金融保险机构,金融保险服务机构,金融保险服务,116.4894854,39.91333592
16509,5,501,116.28167,39.85606,243218,区县级政府及事业单位,政府机关,政府机构及社会团体,116.2811026,39.85718789
18912,1,101,116.30906,39.92885,70228,商业贸易,公司,公司企业,116.3048485,39.92830882
19205,2,201,116.47588,39.90551,84541,网络科技,公司,公司企业,116.4733245,39.90428127
16914,1,101,116.34967,39.85942,193694,美容美发店,美容美发店,生活服务,116.3496532,39.85950927
21312,2,202,116.40309,39.996,176811,美容美发店,美容美发店,生活服务,116.4030825,39.99701031
20276,2,201,116.44785,39.94386,64456,公司,公司,公司企业,116.4465832,39.94433068
19622,5,503,116.44667,39.92379,14329,综合酒楼,中餐厅,餐饮服务,116.448765,39.92261125
17290,1,101,116.31316,39.88014,122556,招商银行,银行,金融保险服务,116.3118203,39.88050604
16296,1,101,116.3508,39.82463,108528,建筑公司,公司,公司企业,116.3473837,39.82039346
18855,1,101,116.44516,39.89855,189359,美容美发店,美容美发店,生活服务,116.4394821,39.89415864
19308,1,101,116.44588,39.91394,76045,公司,公司,公司企业,116.4471865,39.91490416
19833,2,201,116.42598,39.93363,230911,政府机关相关,政府机关,政府机构及社会团体,116.4265088,39.93404914
18218,1,101,116.40953,39.88906,21879,云贵菜,中餐厅,餐饮服务,116.4089127,39.8910442
15502,2,202,116.32016,39.78592,34828,清真菜馆,中餐厅,餐饮服务,116.3201112,39.78680742
18301,5,501,116.34814,39.90368,236137,国家级机关及事业单位,政府机关,政府机构及社会团体,116.3476434,39.90517234
17257,1,101,116.39866,39.86235,96738,公司,公司,公司企业,116.3963987,39.86367904
19777,1,101,116.49235,39.91729,78743,公司,公司,公司企业,116.4920607,39.91766941
15381,5,505,116.31768,39.78047,111032,公司企业,公司企业,公司企业,116.3150696,39.77987769
16057,5,501,116.26536,39.83476,244890,公安警察,公检法机构,政府机构及社会团体,116.2645487,39.83403374
18139,3,301,116.53489,39.86299,243088,公证鉴定机构,公检法机构,政府机构及社会团体,116.5321876,39.86354824
19737,5,502,116.3073,39.95294,180509,维修站点,维修站点,生活服务,116.3106746,39.95388505
21485,1,101,116.41547,39.99918,126650,幼儿园,学校,科教文化服务,116.4183648,40.00005602
19638,2,201,116.27213,39.95785,56042,公司,公司,公司企业,116.270703,39.95707841
17130,5,503,116.41683,39.85519,219970,综合医院,综合医院,医疗保健服务,116.4169253,39.85526297
18690,2,202,116.48218,39.8888,92968,公司,公司,公司企业,116.4823816,39.88995495
19277,1,101,116.28643,39.94544,62184,公司,公司,公司企业,116.286763,39.94478805
19789,5,504,116.43572,39.92986,142427,科教文化场所,科教文化场所,科教文化服务,116.4360474,39.93081292
20666,5,501,116.38351,39.96932,54201,公司,公司,公司企业,116.384474,39.96997242
19408,1,101,116.50654,39.89897,22952,中餐厅,中餐厅,餐饮服务,116.4990316,39.89726407
18764,2,201,116.35949,39.91579,234101,政府及社会团体相关,政府及社会团体相关,政府机构及社会团体,116.3588615,39.91443869
16887,1,101,116.49834,39.82503,157232,幼儿园,学校,科教文化服务,116.5019568,39.82282688
18209,1,101,116.53484,39.85423,101115,公司,公司,公司企业,116.5366335,39.85501413
21960,1,101,116.4817,40.00661,678,快餐厅,快餐厅,餐饮服务,116.481308,40.00697099
21512,1,101,116.36692,40.01036,39427,公司,公司,公司企业,116.3667025,40.00879478
17526,1,101,116.31779,39.88564,207498,体育休闲服务场所,体育休闲服务场所,体育休闲服务,116.31784,39.88559834
18817,5,502,116.34853,39.9191,74456,公司,公司,公司企业,116.3472123,39.9206684
20700,2,201,116.4598,39.95523,61159,公司,公司,公司企业,116.4605316,39.95789975
19702,5,502,116.30052,39.95413,135010,学校,学校,科教文化服务,116.2994753,39.95430429
20600,2,201,116.45218,39.95511,60007,公司,公司,公司企业,116.4523914,39.9553921
20617,1,101,116.36497,39.97025,53563,公司,公司,公司企业,116.3647904,39.96778077
20798,1,101,116.36985,39.97723,50315,公司,公司,公司企业,116.3711168,39.97739532
16521,1,101,116.34479,39.84567,29829,特色/地方风味餐厅,中餐厅,餐饮服务,116.3443578,39.844788
20406,1,101,116.50207,39.92996,203756,健身中心,运动场馆,体育休闲服务,116.5100949,39.93565692
20538,2,201,116.30411,39.98192,43349,公司,公司,公司企业,116.3039466,39.98231928
20925,5,505,116.46794,39.95943,61436,广告装饰,公司,公司企业,116.4679012,39.95300231
19399,2,202,116.43281,39.91892,16456,快餐厅,快餐厅,餐饮服务,116.4327636,39.92078686
20883,5,503,116.35357,39.98289,128519,科研机构,科研机构,科教文化服务,116.3523923,39.98301451
19596,1,101,116.27645,39.95708,213123,药房,医药保健销售店,医疗保健服务,116.2748625,39.95668102
17363,5,501,116.3879,39.8676,153785,科教文化场所,科教文化场所,科教文化服务,116.3822633,39.86844202
21252,2,201,116.40956,39.98951,128734,博物馆,博物馆,科教文化服务,116.4083919,39.98792892
20117,2,201,116.31893,39.96398,52764,公司,公司,公司企业,116.3171807,39.96339133
18495,2,201,116.35242,39.90924,81045,公司,公司,公司企业,116.3523347,39.90947257
17846,1,101,116.25204,39.9088,145614,培训机构,培训机构,科教文化服务,116.2531559,39.90674451
20644,2,201,116.32443,39.98055,44549,公司,公司,公司企业,116.3265848,39.98172253
21173,5,504,116.38928,39.99094,199769,综合体育馆,运动场馆,体育休闲服务,116.3906419,39.99059227
19867,1,101,116.37093,39.9456,202422,娱乐场所,娱乐场所,体育休闲服务,116.3731377,39.94446266
15937,1,101,116.36545,39.80136,175427,住宅小区,住宅区,商务住宅,116.3695381,39.80178996
17763,1,101,116.49501,39.84712,103456,公司,公司,公司企业,116.497087,39.84228415
15988,2,201,116.27537,39.8294,106241,公司,公司,公司企业,116.2766691,39.82912213
16787,5,502,116.27983,39.86751,153477,高等院校,学校,科教文化服务,116.2801717,39.86755553
16777,4,403,116.33318,39.85236,243394,行业协会,社会团体,政府机构及社会团体,116.3389863,39.85142512
19469,1,101,116.29785,39.94644,163192,商务写字楼,楼宇,商务住宅,116.296222,39.94438522
20805,2,201,116.40779,39.96993,133867,高等院校,学校,科教文化服务,116.4090909,39.9684231
17240,1,101,116.25564,39.89045,190288,美容美发店,美容美发店,生活服务,116.2561112,39.89059598
20717,2,201,116.32914,39.98282,44390,公司,公司,公司企业,116.3284663,39.98299088
16921,1,101,116.5,39.82906,32951,特色/地方风味餐厅,中餐厅,餐饮服务,116.4995108,39.8292022
20932,1,101,116.36804,39.9832,45013,公司企业,公司企业,公司企业,116.3638501,39.98125339
15953,1,101,116.3922,39.80382,33805,特色/地方风味餐厅,中餐厅,餐饮服务,116.3954513,39.80313901
19130,5,504,116.46718,39.90531,20096,中餐厅,中餐厅,餐饮服务,116.4668535,39.90547041
17982,1,101,116.29727,39.90702,18324,中餐厅,中餐厅,餐饮服务,116.2980342,39.90680871
22001,3,301,116.46929,40.01159,38896,公司,公司,公司企业,116.4676528,40.01247719
17099,2,202,116.45994,39.8439,103216,公司,公司,公司企业,116.4595625,39.84580345
18326,1,101,116.26764,39.92033,185162,摄影冲印,摄影冲印店,生活服务,116.268148,39.9204303
19308,1,101,116.44588,39.91394,16657,休闲餐饮场所|餐饮服务,休闲餐饮场所,餐饮服务,116.4460995,39.91567082
19632,1,101,116.47724,39.91721,77855,公司,公司,公司企业,116.4763562,39.91480641
16413,2,202,116.38748,39.82703,175042,产业园区,产业园区,商务住宅,116.3897589,39.82794412
20137,1,101,116.43025,39.94176,67970,公司,公司,公司企业,116.4291257,39.94066152
20563,5,501,116.37119,39.96862,53950,公司,公司,公司企业,116.3723213,39.97006242
21298,1,101,116.39933,39.99537,114623,金融保险机构,金融保险服务机构,金融保险服务,116.3977723,39.99376848
17402,1,101,116.32482,39.87907,94042,公司|生活服务,公司,公司企业,116.3211583,39.87857431
20406,1,101,116.50207,39.92996,73443,公司,公司,公司企业,116.49639,39.92663296
19852,1,101,116.32161,39.9531,135383,科研机构,科研机构,科教文化服务,116.3243723,39.95493085
20390,2,201,116.30133,39.97632,160195,商务写字楼,楼宇,商务住宅,116.301179,39.9774854
19387,5,504,116.46468,39.91358,186065,摄影冲印,摄影冲印店,生活服务,116.4652699,39.9145038
19144,1,101,116.32391,39.93274,66032,公司,公司,公司企业,116.3268073,39.93387001
18237,1,101,116.27326,39.91747,143334,科教文化场所,科教文化场所,科教文化服务,116.2723693,39.91662234
16144,5,505,116.37862,39.81049,175438,住宅小区,住宅区,商务住宅,116.3865745,39.80871561
20921,5,501,116.39012,39.97838,50559,公司,公司,公司企业,116.3903166,39.97819386
17282,1,101,116.41852,39.8587,100126,公司,公司,公司企业,116.4207713,39.85741171
21690,1,101,116.46058,40.00093,40154,公司企业,公司企业,公司企业,116.4606425,40.00120928
19269,2,201,116.45348,39.91271,119739,金融保险机构,金融保险服务机构,金融保险服务,116.4543578,39.91257942
19286,1,101,116.53217,39.88708,240530,乡镇以下级政府及事业单位,政府机关,政府机构及社会团体,116.5219738,39.8842462
19726,1,101,116.47527,39.9222,215508,眼科医院,专科医院,医疗保健服务,116.4727883,39.92199001
16073,5,501,116.30367,39.82637,196755,美容美发店,美容美发店,生活服务,116.3052547,39.82373351
20356,1,101,116.46566,39.94251,64800,公司,公司,公司企业,116.4636228,39.9429773
20512,5,503,116.31439,39.97762,130459,成人教育,学校,科教文化服务,116.3165103,39.97887599
18122,1,101,116.34517,39.90079,237860,工商部门,工商税务机构,政府机构及社会团体,116.3459903,39.90048133
20038,1,101,116.35065,39.95367,7737,快餐厅,快餐厅,餐饮服务,116.3510594,39.95482174
21111,5,502,116.34079,39.99524,125989,图书馆,图书馆,科教文化服务,116.3431988,39.99729816
21116,1,101,116.40811,39.98408,45855,公司,公司,公司企业,116.4096827,39.98224689
20427,1,101,116.40699,39.95661,162750,住宅区,住宅区,商务住宅,116.4035508,39.95716807
19025,2,201,116.45074,39.90611,19901,快餐厅,快餐厅,餐饮服务,116.4503105,39.90628036
19435,2,201,116.43305,39.92198,72430,公司,公司,公司企业,116.4341073,39.92135702
15464,1,101,116.33515,39.78205,34941,中餐厅,中餐厅,餐饮服务,116.3367698,39.7833101
20015,1,101,116.43238,39.9356,12083,特色/地方风味餐厅,中餐厅,餐饮服务,116.4325949,39.93896586
21693,5,505,116.42294,40.00512,158536,住宅区,住宅区,商务住宅,116.4169512,40.0062714
21358,1,101,116.47159,39.98392,46520,广告装饰,公司,公司企业,116.473199,39.98472867
19635,1,101,116.474,39.91767,144780,培训机构,培训机构,科教文化服务,116.4722984,39.9157169
19308,1,101,116.44588,39.91394,185806,美容美发店,美容美发店,生活服务,116.4458769,39.91520437
17367,1,101,116.32142,39.8817,207541,跆拳道场馆,运动场馆,体育休闲服务,116.3219052,39.88124474
20747,5,501,116.37852,39.97323,224856,社会团体相关,社会团体,政府机构及社会团体,116.3799207,39.97235503
17640,1,101,116.33829,39.87885,171614,住宅区,住宅区,商务住宅,116.3416252,39.87907391
17361,1,101,116.3856,39.86886,96655,公司,公司,公司企业,116.3832396,39.86909242
19141,1,101,116.34531,39.92889,141734,科教文化场所,科教文化场所,科教文化服务,116.3468079,39.93051167
16572,1,101,116.29724,39.84959,194846,美容美发店,美容美发店,生活服务,116.3076924,39.84862546
16193,1,101,116.32771,39.82698,196772,美容美发店,美容美发店,生活服务,116.3346862,39.82514767
17565,1,101,116.45715,39.8603,28964,特色/地方风味餐厅,中餐厅,餐饮服务,116.4564969,39.86039404
18342,2,201,116.42333,39.89153,238637,妇联,社会团体,政府机构及社会团体,116.4238317,39.89122054
18716,1,101,116.31636,39.91594,146140,科教文化场所,科教文化场所,科教文化服务,116.3155392,39.90993264
16553,1,101,116.27956,39.8592,154614,中学,学校,科教文化服务,116.2805152,39.85927054
17371,1,101,116.21914,39.90097,217261,医疗保健服务场所,医疗保健服务场所,医疗保健服务,116.2162548,39.89999606
20436,1,101,116.36741,39.96346,133402,科教文化场所,科教文化场所,科教文化服务,116.3660978,39.96602127
19913,1,101,116.43901,39.93379,182986,美容美发店,美容美发店,生活服务,116.4384457,39.93335407
16505,1,101,116.32657,39.8391,173854,商务住宅相关,商务住宅相关,商务住宅,116.3321514,39.84456716
21103,2,202,116.48753,39.9688,134358,科教文化场所,科教文化场所,科教文化服务,116.4845427,39.97038399
20989,5,502,116.3494,39.99094,126309,科研机构,科研机构,科教文化服务,116.3502763,39.99125552
19920,1,101,116.46239,39.92953,73214,公司,公司,公司企业,116.4610929,39.93035527
19408,1,101,116.50654,39.89897,20339,中餐厅,中餐厅,餐饮服务,116.4975141,39.90368827
20189,1,101,116.25053,39.97573,223911,区县级政府及事业单位,政府机关,政府机构及社会团体,116.2482307,39.97575609
17967,1,101,116.32445,39.90024,86782,公司企业,公司企业,公司企业,116.3256911,39.90041357
